,City,Lat,Lng,Max Temp,Humidity,Cloudiness,Wind Speed,Country,Date
0,Atambua,-9.1061,124.8925,78.19,79,94,3.06,ID,1616804091
1,Jamestown,42.097,-79.2353,43.0,93,90,12.3,US,1616804092
2,Gigmoto,13.7796,124.39,81.37,80,100,8.99,PH,1616804092
3,Ilulissat,69.2167,-51.1,-13.0,48,14,7.36,GL,1616804092
4,Ushuaia,-54.8,-68.3,50.0,62,75,5.75,AR,1616804093
5,Englehart,47.8169,-79.8664,28.4,74,1,4.61,CA,1616804093
6,Chara,56.9064,118.2631,22.78,92,100,1.66,RU,1616804093
7,Vila Franca do Campo,37.7167,-25.4333,55.4,76,20,6.91,PT,1616803907
8,Puerto Ayora,-0.7393,-90.3518,80.01,86,67,5.99,EC,1616803984
9,Esperance,-33.8667,121.9,57.2,88,0,12.66,AU,1616803858
10,Mananara,-16.1667,49.7667,75.07,94,84,2.95,MG,1616804094
11,San Cristobal,7.7669,-72.225,71.6,100,75,2.3,VE,1616804094
12,Rikitea,-23.1203,-134.9692,79.0,72,1,17.92,PF,1616804095
13,Butaritari,3.0707,172.7902,81.77,76,29,13.06,KI,1616804095
14,Tasiilaq,65.6145,-37.6368,6.8,47,75,9.22,GL,1616804095
15,Cidreira,-30.1811,-50.2056,68.27,92,100,7.02,BR,1616804096
16,Vaitape,-16.5167,-151.75,82.89,73,10,21.99,PF,1616804096
17,Busselton,-33.65,115.3333,55.0,91,83,5.59,AU,1616804096
18,Saskylakh,71.9167,114.0833,3.04,96,99,3.0,RU,1616804097
19,Yulara,-25.2406,130.9889,78.8,53,40,6.91,AU,1616804097
20,Leh,34.1667,77.5833,36.0,49,35,3.71,IN,1616804097
21,Kapaa,22.0752,-159.319,80.01,78,75,9.22,US,1616804098
22,Szczecinek,53.7079,16.6994,46.0,78,78,11.01,PL,1616804098
23,Khatanga,71.9667,102.5,-11.4,97,92,2.59,RU,1616803861
24,Weirton,40.419,-80.5895,55.4,54,90,4.61,US,1616804098
25,Vaini,-21.2,-175.2,84.2,74,40,10.36,TO,1616804099
26,Diego de Almagro,-26.3667,-70.05,64.15,45,0,3.02,CL,1616803888
27,Albany,42.6001,-73.9662,48.99,72,71,7.0,US,1616803808
28,Port Macquarie,-31.4333,152.9167,79.0,60,71,1.01,AU,1616804029
29,Pevek,69.7008,170.3133,-20.0,93,82,5.1,RU,1616803861
30,Aklavik,68.2191,-135.0107,-2.2,71,92,8.05,CA,1616804099
31,Salihorsk,52.7876,27.5415,37.62,84,14,5.06,BY,1616804100
32,Hermanus,-34.4187,19.2345,62.01,93,44,11.65,ZA,1616804100
33,Petropavlovsk-Kamchatskiy,53.0452,158.6483,21.2,53,100,4.47,RU,1616804015
34,Aliaga,15.5167,120.8667,78.8,78,75,4.61,PH,1616804100
35,Ribeira Grande,38.5167,-28.7,57.9,61,45,6.08,PT,1616804101
36,Qaanaaq,77.484,-69.3632,-9.47,66,100,4.74,GL,1616804101
37,Hobart,-42.8794,147.3294,60.01,82,75,5.75,AU,1616804102
38,Bluff,-46.6,168.3333,57.92,78,100,5.12,NZ,1616804104
39,Barrow,71.2906,-156.7887,-9.4,70,1,3.44,US,1616804103
40,Torbay,47.6666,-52.7314,44.01,100,90,9.22,CA,1616804104
41,Tuktoyaktuk,69.4541,-133.0374,-7.6,77,40,6.91,CA,1616803858
42,Cape Town,-33.9258,18.4232,63.0,94,75,2.3,ZA,1616803959
43,Labuhan,-6.8844,112.2051,79.47,85,98,4.45,ID,1616803898
44,Hualmay,-11.0964,-77.6139,70.47,81,49,7.23,PE,1616804105
45,Ponta Delgada,37.7333,-25.6667,55.4,76,20,4.61,PT,1616804106
46,Bonavista,48.6499,-53.1147,34.0,86,100,4.61,CA,1616804106
47,San Andrés,12.5847,-81.7006,78.8,83,40,11.5,CO,1616804106
48,Pecos,31.4229,-103.4932,82.4,4,1,6.91,US,1616804107
49,Severo-Kuril'sk,50.6789,156.125,26.15,94,100,21.23,RU,1616803871
50,Klaksvík,62.2266,-6.589,39.2,48,40,13.8,FO,1616803936
51,Salalah,17.0151,54.0924,73.4,27,0,5.75,OM,1616803887
52,Punta Arenas,-53.15,-70.9167,51.01,71,75,8.05,CL,1616803879
53,Borjomi,41.8527,43.4128,32.9,96,100,2.62,GE,1616804108
54,Totoral,-17.4053,-70.365,63.72,69,64,3.44,PE,1616804108
55,Chokurdakh,70.6333,147.9167,-16.28,96,83,5.48,RU,1616803883
56,College,64.8569,-147.8028,28.0,54,90,6.91,US,1616804108
57,Awallan,17.9244,121.913,79.54,77,45,3.27,PH,1616804109
58,Thompson,55.7435,-97.8558,23.0,80,90,9.22,CA,1616804109
59,Sitka,57.0531,-135.33,42.8,81,90,3.44,US,1616804110
60,Kruisfontein,-34.0033,24.7314,64.0,71,13,1.99,ZA,1616804110
61,Edd,13.9297,41.6925,81.34,43,1,7.56,ER,1616804110
62,Hilo,19.7297,-155.09,80.6,54,75,11.5,US,1616803466
63,Kismayo,-0.3582,42.5454,79.41,76,89,14.5,SO,1616803816
64,Sorong,-0.8833,131.25,81.14,82,93,3.38,ID,1616804111
65,Vaasa,63.096,21.6158,37.4,87,40,11.5,FI,1616804111
66,Yangi Marg`ilon,40.4272,71.7189,51.8,93,75,4.61,UZ,1616804112
67,Atuona,-9.8,-139.0333,80.92,75,27,19.3,PF,1616804112
68,Kachug,53.9606,105.8817,22.69,93,100,4.27,RU,1616804112
69,Chui,-33.6971,-53.4616,67.78,94,100,5.79,UY,1616803836
70,The Valley,18.217,-63.0578,78.01,73,20,12.66,AI,1616804113
71,Mitsamiouli,-11.3847,43.2844,81.9,75,6,4.18,KM,1616804113
72,East London,-33.0153,27.9116,68.74,85,54,17.13,ZA,1616804092
73,Saint-Philippe,-21.3585,55.7679,77.0,73,24,5.75,RE,1616803855
74,Port Elizabeth,-33.918,25.5701,68.0,68,0,19.57,ZA,1616803873
75,Beruwala,6.4788,79.9828,77.05,86,100,3.42,LK,1616804114
76,Avarua,-21.2078,-159.775,84.2,70,75,14.97,CK,1616804114
77,Oranjemund,-28.55,16.4333,60.62,82,0,3.4,NA,1616804114
78,Swāmimalai,10.95,79.3333,73.83,94,90,4.23,IN,1616804115
79,Ishigaki,24.3448,124.1572,73.4,94,75,11.5,JP,1616803885
80,Saint Paul Harbor,57.79,-152.4072,37.4,44,20,8.05,US,1616804115
81,Provideniya,64.3833,-173.3,7.0,87,100,12.46,RU,1616803990
82,Paján,-1.5667,-80.4167,73.96,93,55,4.25,EC,1616804115
83,Souillac,-20.5167,57.5167,75.2,88,20,6.91,MU,1616803878
84,Dumabato,16.3167,121.7,76.8,76,97,0.92,PH,1616804116
85,Kysyl-Syr,63.8986,122.7617,14.2,96,90,4.09,RU,1616804116
86,Asău,46.4333,26.4,34.0,60,15,4.72,RO,1616804062
87,Jánoshalma,46.2986,19.3258,43.0,64,7,7.83,HU,1616804117
88,Mataura,-46.1927,168.8643,61.32,65,100,3.96,NZ,1616804117
89,Harper,4.375,-7.7169,78.3,90,1,7.07,LR,1616804118
90,Port Alfred,-33.5906,26.891,69.21,84,87,23.71,ZA,1616804118
91,Presidencia Roque Sáenz Peña,-26.7852,-60.4388,72.0,95,77,1.99,AR,1616804112
92,Saldanha,-33.0117,17.9442,62.6,88,18,2.3,ZA,1616804119
93,Hofn,64.2539,-15.2082,18.45,65,94,19.08,IS,1616804119
94,Tuy Hoa,13.0833,109.3,76.37,86,88,2.3,VN,1616804119
95,Riohacha,11.5444,-72.9072,81.23,63,0,17.27,CO,1616803885
96,Clyde River,70.4692,-68.5914,-14.8,70,1,3.44,CA,1616804120
97,Hong Kong,22.2855,114.1577,73.0,86,100,10.45,HK,1616803911
98,Inongo,-1.95,18.2667,72.05,90,100,3.74,CD,1616804120
99,Ulaanbaatar,47.9077,106.8832,37.4,25,75,20.13,MN,1616803839
100,Kamenka,51.3223,42.7678,32.0,88,100,6.69,RU,1616804121
101,Rivadavia,-33.1905,-68.4608,59.0,67,0,3.44,AR,1616804121
102,Haines Junction,60.7522,-137.5108,33.8,60,100,3.44,CA,1616804121
103,Araouane,18.9048,-3.5265,72.3,6,0,11.05,ML,1616804122
104,Cabo San Lucas,22.8909,-109.9124,77.0,52,40,11.5,MX,1616803960
105,Lebu,-37.6167,-73.65,55.72,75,2,19.6,CL,1616804122
106,Gornyy,55.1153,83.9059,13.53,96,91,7.18,RU,1616804123
107,Lagoa,39.05,-27.9833,56.79,61,48,7.74,PT,1616804123
108,Dalvik,65.9702,-18.5286,17.6,62,90,6.91,IS,1616804123
109,Evensk,61.95,159.2333,0.86,88,69,2.98,RU,1616804124
110,São Filipe,14.8961,-24.4956,70.72,76,8,18.21,CV,1616804124
111,Los Llanos de Aridane,28.6585,-17.9182,69.8,49,90,6.91,ES,1616804124
112,Artvin Province,41.1667,41.8333,39.2,93,75,5.75,TR,1616803871
113,Nishihara,26.1842,127.7558,73.4,73,40,16.11,JP,1616804125
114,Ayan,56.45,138.1667,11.53,87,63,4.79,RU,1616804125
115,Tautira,-17.7333,-149.15,87.8,62,20,2.3,PF,1616804126
116,Minudasht,37.2289,55.3747,51.8,93,0,4.41,IR,1616804126
117,Ardakān,32.31,54.0175,71.6,23,0,6.91,IR,1616804126
118,Mitú,1.1983,-70.1733,71.98,93,95,2.04,CO,1616804126
119,Darnah,32.767,22.6367,52.45,62,19,5.03,LY,1616803830
120,Tokonou,9.65,-9.7833,77.99,16,1,3.96,GN,1616804127
121,Mwinilunga,-11.7358,24.4293,60.98,97,100,1.14,ZM,1616804128
122,Wattegama,6.7989,81.4808,74.19,91,100,3.02,LK,1616804128
123,Cayenne,4.9333,-52.3333,80.01,89,40,8.05,GF,1616803946
124,Tomatlán,19.9333,-105.25,80.11,37,94,10.96,MX,1616804129
125,Olafsvik,64.8945,-23.7142,18.72,62,96,10.85,IS,1616804129
126,Lüderitz,-26.6481,15.1594,62.37,80,0,8.59,NA,1616804129
127,Tabou,4.423,-7.3528,78.12,88,20,5.93,CI,1616804130
128,Bengkulu,-3.8004,102.2655,76.68,89,99,4.12,ID,1616803935
129,Tilichiki,60.4667,166.1,3.81,85,23,6.44,RU,1616804130
130,Mahāsamund,21.1,82.1,72.68,22,0,1.86,IN,1616804130
131,Tura,25.5198,90.2201,68.56,15,0,3.24,IN,1616804131
132,Ubari,26.5921,12.7805,54.36,36,0,7.78,LY,1616804131
133,Nauta,-4.5061,-73.5757,74.1,95,47,2.08,PE,1616804131
134,Warrington,53.3925,-2.5802,42.8,70,40,17.27,GB,1616804132
135,Tignère,7.3667,12.65,70.86,33,58,1.88,CM,1616804132
136,Hasaki,35.7333,140.8333,54.0,54,20,3.44,JP,1616804132
137,Ukiah,39.1502,-123.2078,73.4,18,1,3.96,US,1616803582
138,Carmarthen,51.8555,-4.3054,42.8,75,40,25.32,GB,1616804133
139,Te Anau,-45.4167,167.7167,64.67,55,100,4.68,NZ,1616803879
140,Kavaratti,10.5669,72.642,82.56,73,39,2.82,IN,1616804133
141,Baijiantan,45.6333,85.1833,40.69,71,100,2.59,CN,1616804133
142,Maracaçumé,-2.0428,-45.9592,71.71,99,99,2.33,BR,1616804134
143,Kushima,31.4583,131.2333,60.8,55,20,6.91,JP,1616804134
144,Izumo,35.3667,132.7667,44.6,57,0,5.75,JP,1616803951
145,Ullal,12.8,74.85,80.6,89,20,4.61,IN,1616804134
146,Mananjary,-21.2167,48.3333,73.74,93,31,3.69,MG,1616804135
147,Mossamedes,-15.1961,12.1522,73.02,83,87,8.43,AO,1616804135
148,Marolambo,-20.05,48.1167,69.37,98,62,1.54,MG,1616804135
149,Naryan-Mar,67.6713,53.087,16.18,89,30,10.27,RU,1616804136
150,Pisco,-13.7,-76.2167,70.0,73,0,20.71,PE,1616804136
151,George Town,5.4112,100.3354,78.01,100,40,2.15,MY,1616803888
152,Upernavik,72.7868,-56.1549,-32.46,89,14,4.47,GL,1616804137
153,Kasongo-Lunda,-6.4667,16.8167,69.67,98,100,0.78,CD,1616804137
154,Rocha,-34.4833,-54.3333,65.93,97,71,5.12,UY,1616804137
155,Keminmaa,65.8596,24.8228,30.2,80,0,6.91,FI,1616804138
156,Sire,12.9299,5.2043,80.11,10,90,19.17,NG,1616804138
157,Zharkent,44.1628,80.0,50.63,84,100,2.57,KZ,1616804138
158,Kemin,42.7846,75.6892,46.4,89,100,5.23,KG,1616804139
159,Moose Factory,51.2585,-80.6094,12.2,67,1,6.91,CA,1616804139
160,Fairbanks,64.8378,-147.7164,27.0,74,90,6.91,US,1616804139
161,Ceres,37.5949,-120.9577,72.0,19,1,13.8,US,1616804140
162,Mahébourg,-20.4081,57.7,75.2,88,20,6.91,MU,1616804140
163,Hambantota,6.1241,81.1185,79.07,83,100,10.74,LK,1616804140
164,Zhigansk,66.7697,123.3711,11.84,93,100,20.89,RU,1616804141
165,Humberto de Campos,-2.5983,-43.4611,74.35,94,100,2.82,BR,1616804141
166,Kikwit,-5.041,18.8162,70.14,97,100,1.45,CD,1616804141
167,Santa Cruz de Tenerife,28.4682,-16.2546,64.99,87,0,4.61,ES,1616804142
168,Porto-Novo,6.4965,2.6036,84.2,79,40,13.8,BJ,1616804000
169,Nyimba,-14.5566,30.8149,65.71,95,19,1.66,ZM,1616804142
170,Brae,60.3964,-1.353,41.0,75,90,5.75,GB,1616804142
171,Pacific Grove,36.6177,-121.9166,66.0,48,1,9.22,US,1616804050
172,Pelym,61.0108,61.9978,23.58,94,11,6.24,RU,1616804143
173,Dhārchula,29.85,80.5333,56.95,23,0,7.67,IN,1616804143
174,Alyangula,-13.8483,136.4192,85.62,67,90,9.91,AU,1616804143
175,Nikolskoye,59.7035,30.7861,34.0,93,40,2.46,RU,1616804144
176,Tremedal,-14.9758,-41.4108,70.18,41,0,4.59,BR,1616804144
177,New Norfolk,-42.7826,147.0587,60.01,88,100,5.99,AU,1616804145
178,Mandera,3.9366,41.867,79.12,42,12,18.68,KE,1616804145
179,Lake Cowichan,48.825,-124.0546,51.8,62,75,5.75,CA,1616804145
180,Carnarvon,-24.8667,113.6333,77.0,65,100,12.66,AU,1616804146
181,Bredasdorp,-34.5322,20.0403,64.4,77,9,9.22,ZA,1616804146
182,Lewisporte,49.2499,-55.0482,30.2,93,90,18.41,CA,1616804146
183,Rantepao,-2.9701,119.8978,70.23,94,100,1.21,ID,1616804147
184,Mumbai,19.0144,72.8479,82.4,44,2,7.29,IN,1616803913
185,Castro,-24.7911,-50.0119,64.76,92,59,3.09,BR,1616804112
186,St. George's,12.0564,-61.7485,78.8,78,20,13.8,GD,1616804147
187,Dingle,10.9995,122.6711,81.03,77,79,9.6,PH,1616804147
188,Road Town,18.4167,-64.6167,78.8,73,40,17.27,VG,1616804148
189,Margate,51.3813,1.3862,41.0,75,73,8.01,GB,1616804148
190,Mar del Plata,-38.0023,-57.5575,64.99,88,75,27.63,AR,1616804148
191,Levice,48.2156,18.6071,46.0,52,1,6.13,SK,1616804149
192,Mahibadhoo,3.7833,72.9667,83.3,72,100,13.27,MV,1616804149
193,Sirumugai,11.3333,77.0167,78.8,83,20,1.03,IN,1616804149
194,Seymchan,62.8833,152.4333,-12.73,91,78,3.53,RU,1616804150
195,Bismarck,46.8083,-100.7837,42.8,49,90,6.91,US,1616803864
196,Coyhaique,-45.5752,-72.0662,55.4,71,75,5.66,CL,1616804150
197,Kendari,-3.945,122.4989,78.1,89,100,3.44,ID,1616804150
198,Mnogovershinnyy,53.9353,139.9242,24.22,78,9,3.56,RU,1616804151
199,Bethel,41.3712,-73.414,68.0,37,75,19.57,US,1616804151
200,Dawei,14.0833,98.2,76.5,90,35,3.36,MM,1616804151
201,High Level,58.5169,-117.136,35.6,35,20,5.75,CA,1616804152
202,Isangel,-19.55,169.2667,84.2,79,75,4.61,VU,1616804152
203,Nanortalik,60.1432,-45.2371,8.38,69,33,24.92,GL,1616804152
204,Papara,-3.9839,-38.7273,77.0,88,75,2.3,BR,1616804153
205,Bilma,18.6853,12.9164,66.25,20,0,17.34,NE,1616804153
206,Natitingou,10.3042,1.3796,84.2,54,0,2.3,BJ,1616804154
207,Ambilobe,-13.2,49.05,73.56,94,100,2.15,MG,1616804154
208,Salinas,36.6777,-121.6555,66.0,42,1,12.66,US,1616804154
209,Norman Wells,65.282,-126.8329,30.2,47,75,2.3,CA,1616804155
210,Alice,27.7523,-98.0697,82.4,57,1,17.27,US,1616804155
211,Okhotsk,59.3833,143.3,3.52,84,36,5.64,RU,1616804155
212,Westport,41.1415,-73.3579,68.0,40,1,26.46,US,1616803951
213,Bubaque,11.2833,-15.8333,76.87,74,4,16.04,GW,1616804156
214,Alofi,-19.0595,-169.9187,84.2,74,54,16.11,NU,1616804156
215,Huilong,31.8111,121.655,64.0,94,99,3.0,CN,1616804157
216,Homer,59.6425,-151.5483,34.0,64,75,10.36,US,1616804157
217,Caluquembe,-13.7833,14.6833,59.45,95,100,1.14,AO,1616804157
218,Namatanai,-3.6667,152.4333,83.44,73,100,9.17,PG,1616804158
219,Kamina,-8.7386,24.9906,61.9,99,97,2.24,CD,1616804158
220,Ponta do Sol,32.6667,-17.1,64.4,88,40,6.91,PT,1616804158
221,Zeya,53.75,127.2667,31.14,70,99,3.53,RU,1616803938
222,Corinth,37.9407,22.9573,42.01,52,3,3.0,GR,1616804027
223,Airai,-8.9266,125.4092,67.78,76,94,2.06,TL,1616804159
224,Puri,19.8,85.85,77.0,94,40,3.44,IN,1616804159
225,Coahuayana Viejo,18.7333,-103.6833,75.2,53,75,5.17,MX,1616804160
226,Lorengau,-2.0226,147.2712,83.28,75,100,4.47,PG,1616804160
227,Shetpe,44.1667,52.1167,38.41,82,69,18.92,KZ,1616804160
228,Yellowknife,62.456,-114.3525,16.0,66,20,11.5,CA,1616804160
229,Tiksi,71.6872,128.8694,10.8,91,100,6.38,RU,1616803932
230,Rosarito,32.3333,-117.0333,60.8,58,20,9.22,MX,1616804161
231,San Francisco,37.7749,-122.4194,66.2,30,1,19.57,US,1616803781
232,Peace River,56.2501,-117.286,33.8,55,75,13.8,CA,1616804108
233,Dikson,73.5069,80.5464,-6.25,100,100,10.87,RU,1616804162
234,Kathu,7.9178,98.3332,87.01,89,40,3.44,TH,1616804162
235,Buala,-8.145,159.5921,85.35,72,32,11.41,SB,1616803945
236,Kristiansund,63.1115,7.732,41.0,87,20,17.27,NO,1616804163
237,Marathon,44.9,-89.7668,39.2,56,1,3.44,US,1616804163
238,Faanui,-16.4833,-151.75,82.87,73,10,22.06,PF,1616804163
239,Ulladulla,-35.35,150.4667,73.4,46,5,6.91,AU,1616804164
240,Goleniów,53.5639,14.8285,44.6,81,44,6.91,PL,1616804164
241,Bathsheba,13.2167,-59.5167,77.0,65,40,21.85,BB,1616804165
242,Stari Banovci,44.9864,20.2867,44.6,86,0,2.3,RS,1616804165
243,Nemuro,43.3236,145.575,37.4,44,20,4.61,JP,1616804165
244,Kuah,6.3265,99.8432,80.6,78,20,3.44,MY,1616804166
245,Lavrentiya,65.5833,-171.0,3.74,78,100,7.2,RU,1616804166
246,Senneterre,48.3835,-77.2328,33.8,64,75,9.22,CA,1616804166
247,Vao,-22.6667,167.4833,78.3,74,16,13.02,NC,1616804167
248,Vardø,70.3705,31.1107,33.8,69,0,14.97,NO,1616804167
249,Kiboga,0.9161,31.7742,63.93,87,100,4.54,UG,1616804168
250,Bandar-e Lengeh,26.5579,54.8807,80.6,36,20,4.61,IR,1616804168
251,Maltahöhe,-24.8333,16.9833,61.77,40,0,7.72,NA,1616804168
252,Uruguaiana,-29.7547,-57.0883,71.6,94,75,3.44,BR,1616804170
253,Soyo,-6.1349,12.3689,78.21,82,100,4.09,AO,1616804170
254,Amahai,-3.3333,128.9167,83.53,72,89,1.79,ID,1616804172
255,Acarí,-15.4311,-74.6158,73.62,74,31,4.32,PE,1616804172
256,Nelson Bay,-32.7167,152.15,75.99,57,90,12.66,AU,1616804173
257,Kaitangata,-46.2817,169.8464,63.0,75,91,4.0,NZ,1616804173
258,Kavieng,-2.5744,150.7967,83.28,73,99,10.18,PG,1616804173
259,Basco,20.4487,121.9702,78.06,81,26,15.9,PH,1616804174
260,São João da Barra,-21.6403,-41.0511,76.77,85,18,9.08,BR,1616803973
261,São Gabriel da Cachoeira,-0.1303,-67.0892,73.74,96,60,1.68,BR,1616804174
262,Salym,60.0625,71.4789,31.95,98,100,4.14,RU,1616804175
263,Vilcún,-38.65,-72.2333,53.6,76,0,4.61,CL,1616804175
264,Arraial do Cabo,-22.9661,-42.0278,78.8,83,0,6.91,BR,1616804176
265,Bandarbeyla,9.4942,50.8122,77.36,74,92,9.84,SO,1616804176
266,Longyearbyen,78.2186,15.6401,17.6,73,20,25.32,SJ,1616803884
267,Ust'-Kulom,61.6864,53.6902,14.32,97,60,3.4,RU,1616804177
268,San Quintín,30.4833,-115.95,58.01,61,20,16.22,MX,1616804177
269,Kopanskaya,46.2779,38.4795,37.29,91,95,6.82,RU,1616804177
270,Balaipungut,1.05,101.2833,71.6,100,40,6.91,ID,1616804178
271,Tyup,42.7276,78.3648,41.38,93,100,4.61,KG,1616804178
272,Savonlinna,61.8699,28.88,32.0,100,90,5.75,FI,1616804179
273,Ducheng,23.2373,111.5317,72.75,80,99,2.68,CN,1616804179
274,Khovd,48.0056,91.6419,22.35,40,38,0.98,MN,1616804180
275,Santa Rosa,14.3122,121.1114,86.0,65,20,3.44,PH,1616804180
276,Faya,18.3851,42.4509,60.8,67,0,1.32,SA,1616804180
277,Ahtopol,42.1,27.95,35.6,75,0,11.5,BG,1616804181
278,Kloulklubed,7.0419,134.2556,77.0,100,90,10.36,PW,1616804181
279,Hithadhoo,-0.6,73.0833,82.29,72,67,8.05,MV,1616804182
280,Ankazoabo,-22.2833,44.5167,66.88,94,2,3.15,MG,1616804182
281,Katsuura,35.1333,140.3,57.99,54,20,5.75,JP,1616804182
282,Garango,11.8,-0.5506,86.04,13,2,6.73,BF,1616804183
283,Laas,46.6166,10.7002,50.0,87,0,3.44,IT,1616804183
284,Sayyan,15.1718,44.3244,54.32,12,13,3.8,YE,1616804184
285,Saint George,37.1041,-113.5841,60.01,25,1,20.71,US,1616804108
286,Bambous Virieux,-20.3428,57.7575,75.2,88,20,6.91,MU,1616804184
287,Murray Bridge,-35.1167,139.2667,64.0,73,19,1.01,AU,1616804109
288,Mehamn,71.0357,27.8492,31.05,86,64,19.26,NO,1616803930
289,Talnakh,69.4865,88.3972,15.67,94,100,9.48,RU,1616803978
290,Ngunguru,-35.6167,174.5,69.01,81,77,8.99,NZ,1616804185
291,Umm Kaddadah,13.6017,26.6876,72.72,16,60,19.22,SD,1616804186
292,Khandagayty,50.7333,92.05,7.07,62,0,7.76,RU,1616804186
293,Avera,33.194,-82.5271,68.0,94,90,4.97,US,1616804186
294,Sarangani,5.4033,125.4636,82.04,73,100,3.71,PH,1616804187
295,Verkhnyaya Toyma,62.2349,44.9985,18.0,98,53,2.59,RU,1616804187
296,Vestmannaeyjar,63.4427,-20.2734,21.15,64,12,12.21,IS,1616803981
297,Natal,-5.795,-35.2094,77.0,88,75,9.22,BR,1616804188
298,Barcelos,41.5388,-8.6151,48.99,93,0,5.75,PT,1616804188
299,Arman',59.7,150.1667,4.32,81,45,0.2,RU,1616804188
300,Bilibino,68.0546,166.4372,-10.25,90,95,1.72,RU,1616803908
301,Wexford,52.3342,-6.4575,37.99,69,31,18.37,IE,1616804189
302,Atar,20.5169,-13.0499,80.71,12,6,7.87,MR,1616804189
303,Koshurnikovo,54.1667,93.3,4.46,99,98,3.04,RU,1616804190
304,Kununurra,-15.7667,128.7333,82.4,94,50,3.44,AU,1616804090
305,Namtsy,62.7161,129.6658,8.6,72,40,6.71,RU,1616804190
306,Baranchinskiy,58.1617,59.6991,29.89,95,100,2.86,RU,1616804191
307,North Bend,43.4065,-124.2243,59.0,71,1,17.27,US,1616804191
308,Fomboni,-12.28,43.7425,83.44,70,19,4.41,KM,1616804191
309,Seoul,37.5683,126.9778,50.0,66,75,5.75,KR,1616804068
310,La Ronge,55.1001,-105.2842,21.2,63,100,5.75,CA,1616803928
311,Henderson,36.0397,-114.9819,66.0,14,1,10.36,US,1616803978
312,Saurimo,-9.6608,20.3916,64.38,99,100,3.29,AO,1616804192
313,Verkhnevilyuysk,63.4453,120.3167,14.43,93,27,6.89,RU,1616804192
314,Bereda,43.2686,-7.5406,37.99,100,43,1.01,ES,1616804193
315,Tuatapere,-46.1333,167.6833,60.76,70,100,5.66,NZ,1616804193
316,Beringovskiy,63.05,179.3167,3.78,84,94,13.18,RU,1616804194
317,San Ramon,37.7799,-121.978,73.0,16,1,8.05,US,1616804084
318,Athabasca,54.7169,-113.2854,33.8,51,93,8.05,CA,1616804194
319,Pathein,16.7833,94.7333,76.55,87,93,5.46,MM,1616804195
320,Ţahţā,26.7693,31.5021,59.0,41,0,11.5,EG,1616804195
321,Chumikan,54.7183,135.315,16.88,88,98,5.7,RU,1616804195
322,Florianópolis,-27.6146,-48.5012,78.8,78,0,10.36,BR,1616804171
323,Bedēsa,8.9,40.7833,62.42,22,3,1.9,ET,1616804196
324,Yumen,40.2833,97.2,47.37,19,66,10.25,CN,1616804197
325,Mīrābād,30.4362,61.8383,79.38,19,0,10.74,AF,1616804197
326,Lashio,22.9333,97.75,59.49,35,14,2.28,MM,1616804197
327,Alice Springs,-23.7,133.8833,87.01,53,33,3.44,AU,1616803931
328,Tommot,58.9564,126.2925,29.59,92,100,1.86,RU,1616803932
329,Province of Mantua,45.1667,10.7833,50.0,82,99,1.01,IT,1616804198
330,Takoradze,4.8845,-1.7554,79.45,85,29,6.76,GH,1616804198
331,Lugovoy,42.9472,72.7644,51.21,77,78,4.07,KZ,1616804199
332,Tigil',57.8,158.6667,14.43,87,86,2.35,RU,1616804199
333,Anadyr,64.75,177.4833,0.0,78,0,8.95,RU,1616804199
334,El Alto,-4.2714,-81.2147,71.2,73,46,11.97,PE,1616804200
335,Touros,-5.1989,-35.4608,77.0,83,75,6.91,BR,1616804200
336,Necochea,-38.5473,-58.7368,62.01,87,100,8.01,AR,1616804201
337,Kiama,-34.6833,150.8667,75.99,54,8,8.99,AU,1616804201
338,Luau,-10.7073,22.2247,64.2,96,95,3.49,AO,1616804201
339,Karratha,-20.7377,116.8463,82.78,65,0,4.45,AU,1616804202
340,Port Blair,11.6667,92.75,82.27,72,92,9.04,IN,1616804202
341,Kovdor,67.5662,30.4758,30.74,88,98,6.8,RU,1616804203
342,Siocon,7.7061,122.1353,82.45,73,53,2.39,PH,1616804203
343,Contamana,-7.3333,-75.0167,76.95,84,52,2.51,PE,1616804204
344,Dvinskoy,62.1535,45.1175,19.53,96,50,2.46,RU,1616804204
345,Shakiso,5.75,38.9167,53.65,50,44,3.53,ET,1616804104
346,Lake Charles,30.2131,-93.2044,75.2,88,90,6.91,US,1616804204
347,Coquimbo,-29.9533,-71.3436,57.2,88,0,5.75,CL,1616804205
348,Cherskiy,68.75,161.3,-5.73,89,92,8.55,RU,1616804205
349,Wangqing,43.3218,129.7634,39.63,86,100,4.83,CN,1616804205
350,Zhangye,38.9342,100.4517,46.17,17,25,6.71,CN,1616804111
351,Conde,-7.2597,-34.9075,75.2,100,40,5.75,BR,1616804206
352,Susa,32.1942,48.2436,66.33,20,3,3.06,IR,1616804206
353,Rumuruti,0.267,36.5389,58.73,68,100,5.19,KE,1616804207
354,Vila Velha,-20.3297,-40.2925,77.0,83,0,3.44,BR,1616803922
355,Ostrovnoy,68.0531,39.5131,21.2,91,39,17.54,RU,1616804207
356,Inhambane,-23.865,35.3833,74.89,86,21,9.15,MZ,1616804208
357,Macenta,8.5435,-9.471,72.48,62,10,0.29,GN,1616804208
358,Hong Gai,20.956,107.0946,71.6,100,75,4.61,VN,1616804209
359,Esim,4.8699,-2.2405,79.39,86,22,7.56,GH,1616804209
360,Muroto-misakicho,33.2833,134.15,60.8,51,75,6.91,JP,1616804210
361,Manado,1.487,124.8455,78.8,94,40,2.3,ID,1616804156
362,Businga,3.3333,20.8833,67.3,98,99,1.83,CD,1616804210
363,Camacha,33.0833,-16.3333,62.6,94,40,14.97,PT,1616804210
364,Zabul Province,32.25,67.25,57.47,35,7,5.61,AF,1616804211
365,Wanning,18.8003,110.3967,75.4,79,43,3.49,CN,1616804211
366,Milton,34.1322,-84.3007,72.0,66,63,3.27,US,1616804212
367,Chardara,41.2547,67.9692,56.61,86,30,9.82,KZ,1616804212
368,San Patricio,28.017,-97.5169,78.8,69,40,18.41,US,1616804213
369,Nouadhibou,20.931,-17.0347,64.4,88,5,16.11,MR,1616804213
370,Arrondissement de Bastia,42.6667,9.3333,54.0,93,0,3.44,FR,1616804213
371,Tarko-Sale,64.9225,77.785,2.17,94,26,9.8,RU,1616804214
372,College Place,46.0493,-118.3883,61.0,35,1,13.8,US,1616804214
373,West Wendover,40.7391,-114.0733,51.8,28,20,9.22,US,1616804214
374,Ixtapa,20.7,-105.2,73.4,73,40,13.8,MX,1616804215
375,Umuarama,-23.7664,-53.325,75.94,75,22,6.78,BR,1616804215
376,Liwale,-9.7667,37.9333,67.64,97,94,2.82,TZ,1616804216
377,Mendi,-6.1761,143.6513,68.04,69,98,2.86,PG,1616804216
378,Fare,-16.7,-151.0167,82.9,72,5,22.32,PF,1616804216
379,Paamiut,61.994,-49.6678,-6.92,82,49,18.48,GL,1616804217
380,Lengshuitan,26.4111,111.5956,67.68,89,87,1.54,CN,1616804217
381,Daru,-9.0763,143.2092,80.51,84,100,8.19,PG,1616804218
382,Turukhansk,65.8167,87.9833,27.88,97,100,13.62,RU,1616804218
383,La Palma,33.8464,-118.0467,64.99,51,1,10.36,US,1616804219
384,Codrington,-38.2667,141.9667,61.9,65,50,13.89,AU,1616804219
385,Huarmey,-10.0681,-78.1522,71.47,79,36,8.14,PE,1616804220
386,Naze,28.3667,129.4833,68.0,68,75,17.27,JP,1616804220
387,Kupang,-10.1667,123.5833,82.4,100,20,1.14,ID,1616804220
388,Farafangana,-22.8167,47.8333,73.13,91,21,3.02,MG,1616804221
389,Healdsburg,38.6105,-122.8692,73.4,25,1,4.61,US,1616804221
390,Sørland,67.667,12.6934,40.68,78,100,21.3,NO,1616804222
391,Colares,38.7992,-9.4469,55.0,76,91,11.99,PT,1616804222
392,Thongwa,16.7619,96.5278,78.8,94,99,2.3,MM,1616804222
393,Belaya Gora,68.5333,146.4167,-7.74,90,86,4.03,RU,1616804223
394,Alta,69.9689,23.2717,35.6,60,100,4.61,NO,1616804223
395,Yerbogachën,61.2767,108.0108,6.76,96,87,4.61,RU,1616803931
396,Harstad,68.799,16.5293,37.99,67,98,24.0,NO,1616804224
397,Buin,-33.7333,-70.75,69.8,30,0,9.22,CL,1616804224
398,Hay River,60.8156,-115.7999,21.2,45,15,5.75,CA,1616803931
399,Cockburn Town,21.4612,-71.1419,77.61,75,1,21.43,TC,1616804224
400,Oyama,36.3,139.8,57.0,47,20,4.61,JP,1616804225
401,Ancud,-41.8697,-73.8203,55.0,82,0,4.61,CL,1616804225
402,Kawalu,-7.3817,108.2082,74.68,90,94,0.65,ID,1616804123
403,Mankono,8.0586,-6.1897,83.01,48,80,6.08,CI,1616804226
404,Acapulco de Juárez,16.8634,-99.8901,82.4,69,40,6.91,MX,1616804226
405,Thurso,58.5927,-3.5259,33.8,86,39,3.44,GB,1616804227
406,Mount Isa,-20.7333,139.5,87.8,23,0,14.97,AU,1616804227
407,Leningradskiy,69.3833,178.4167,-12.24,91,48,4.79,RU,1616803993
408,Pampa,35.5362,-100.9599,69.8,17,1,14.97,US,1616803934
409,Merauke,-8.4667,140.3333,80.26,83,100,7.76,ID,1616804228
410,Barcelona,41.3888,2.159,57.0,88,20,8.05,ES,1616804228
411,Lixouri,38.2019,20.4314,49.15,55,1,3.22,GR,1616804229
412,Olden,61.8364,6.8064,39.0,85,100,5.99,NO,1616804229
413,Kaeo,-35.1,173.7833,69.01,81,96,8.99,NZ,1616804229
414,Kiryat Gat,31.61,34.7642,52.0,100,99,8.99,IL,1616804230
415,Kieta,-6.2167,155.6333,83.23,79,100,7.7,PG,1616804230
416,Port Lincoln,-34.7333,135.8667,65.08,59,33,9.66,AU,1616804230
417,Kantang,7.4054,99.5156,77.0,100,20,2.3,TH,1616804231
418,Polson,47.6936,-114.1632,45.0,63,100,10.0,US,1616804231
419,Paredon,16.0333,-93.8667,83.59,53,6,6.64,MX,1616804231
420,Erzin,36.9559,36.2,46.0,55,12,1.99,TR,1616804232
421,Leeton,-34.5667,146.4,69.01,64,75,12.66,AU,1616804232
422,Lakes Entrance,-37.8811,147.981,66.99,67,88,1.01,AU,1616804233
423,Port Hardy,50.6996,-127.4199,46.4,76,90,9.22,CA,1616804233
424,Samaná,19.2056,-69.3369,78.8,83,40,10.76,DO,1616804234
425,Palana,59.1167,159.9667,12.56,81,84,1.86,RU,1616804234
426,Giohar,2.7809,45.5005,76.48,74,32,12.3,SO,1616804234
427,Les Cayes,18.2,-73.75,76.73,75,45,5.93,HT,1616804235
428,Lata,40.1629,-8.3327,53.01,91,1,8.01,PT,1616804235
429,Oga,46.4631,10.347,48.0,93,20,2.3,IT,1616804235
430,Tabas,33.5959,56.9244,74.16,28,25,8.14,IR,1616804236
431,Saint-Augustin,51.226,-58.6502,19.42,79,100,17.92,CA,1616804236
432,Saint-Pierre,-21.3393,55.4781,77.0,73,7,5.75,RE,1616804236
433,Miraflores,19.2167,-98.8083,78.8,18,40,13.8,MX,1616804237
434,City of San Pedro,14.35,121.0167,86.0,65,20,3.44,PH,1616804237
435,Palmas Bellas,9.2319,-80.0867,81.0,80,65,15.01,PA,1616804237
436,Görele,41.0308,39.0031,41.0,93,75,2.3,TR,1616804238
437,Robe,-37.1833,139.75,61.52,69,6,12.97,AU,1616804238
438,Geraldton,-28.7667,114.6,64.4,72,17,10.36,AU,1616804238
439,Tubualá,9.5167,-79.0333,84.2,61,40,13.8,PA,1616804239
440,Dongsheng,39.8161,109.9776,41.88,20,13,9.55,CN,1616804239
441,Solenzo,12.1833,-4.0833,86.05,10,1,8.41,BF,1616804240
442,Butere,0.2064,34.4935,60.55,62,94,2.1,KE,1616804240
443,Comodoro Rivadavia,-45.8667,-67.5,57.2,88,0,4.61,AR,1616804061
444,Ratholo,-22.7245,27.572,67.42,37,0,2.64,BW,1616804240
445,Slave Lake,55.2834,-114.769,32.0,64,90,11.5,CA,1616804241
446,Barber,12.2833,-69.0667,78.8,73,20,13.8,CW,1616804241
447,Marechal Cândido Rondon,-24.5561,-54.0567,76.5,71,80,5.26,BR,1616804242
448,Russell,32.3502,-85.1999,68.0,94,75,2.08,US,1616804108
449,Bodaybo,57.8506,114.1933,22.3,92,100,0.85,RU,1616804242
450,Taoudenni,22.6783,-3.9836,72.39,8,4,12.5,ML,1616804243
451,Jennings,38.7192,-90.2604,60.8,59,75,12.66,US,1616804243
452,Turan,16.0678,108.2208,75.2,100,75,4.61,VN,1616804073
453,Marsá Maţrūḩ,31.3525,27.2453,53.6,50,40,6.91,EG,1616804244
454,Gurupi,-11.7292,-49.0686,78.6,66,98,3.89,BR,1616804244
455,Bloemfontein,-29.1211,26.214,51.8,93,10,2.3,ZA,1616804244
456,Maxixe,-23.8597,35.3472,73.78,89,33,7.81,MZ,1616804245
457,Emba,48.8264,58.1442,30.78,97,100,14.05,KZ,1616804245
458,Oistins,13.0667,-59.5333,77.0,65,40,21.85,BB,1616803991
459,Carutapera,-1.195,-46.02,73.22,95,100,1.79,BR,1616804246
460,Port Moresby,-9.4431,147.1797,84.2,79,75,6.91,PG,1616804246
461,Artyom,40.4723,50.333,46.4,87,90,9.22,AZ,1616804247
462,Mamou,10.5,-12.0,77.52,15,29,1.41,GN,1616804103
463,Muli,2.9167,73.5667,81.73,74,100,9.28,MV,1616804247
464,Atherton,53.5237,-2.4935,42.01,68,72,15.01,GB,1616804023
465,Govindgarh,27.5,76.9833,72.43,34,0,4.03,IN,1616804247
466,Eirunepé,-6.6603,-69.8736,74.61,94,66,1.61,BR,1616804248
467,Nizwá,22.9333,57.5333,74.5,32,43,2.39,OM,1616804248
468,Makakilo City,21.3469,-158.0858,82.4,69,90,8.05,US,1616804249
469,Roald,62.5833,6.1333,41.0,87,75,12.66,NO,1616804249
470,Half Moon Bay,37.4636,-122.4286,71.6,47,1,12.66,US,1616804249
471,Chifeng,42.2683,118.9636,47.95,67,34,4.18,CN,1616804250
472,The Hammocks,25.6715,-80.4445,79.0,65,1,9.22,US,1616804250
473,Puerto Escondido,15.85,-97.0667,82.4,74,40,3.44,MX,1616804250
474,Alta Floresta,-9.8756,-56.0861,80.6,83,20,2.3,BR,1616804250
475,Vryheid,-27.7695,30.7917,56.93,89,51,3.56,ZA,1616804251
476,Siparia,10.1333,-61.5,77.0,87,91,1.01,TT,1616804251
477,Pushkino,56.0172,37.8667,39.2,81,0,6.71,RU,1616804251
478,Hervey Bay,-25.2986,152.8535,82.4,54,1,2.3,AU,1616804061
479,Hamilton,39.1834,-84.5333,55.99,67,90,5.75,US,1616804108
480,Samarai,-10.6167,150.6667,83.8,75,93,11.34,PG,1616804252
481,Aksarka,66.5606,67.7975,-9.31,100,86,2.17,RU,1616804252
482,Lewistown,40.5992,-77.5714,53.6,66,1,8.05,US,1616804253
483,Valparaíso,-33.0393,-71.6273,66.2,59,0,16.11,CL,1616803973
484,Flinders,-34.5833,150.8552,75.99,56,6,5.99,AU,1616804253
485,Santander,43.4647,-3.8044,52.0,93,75,6.91,ES,1616804254
486,Poum,-20.2333,164.0167,80.98,69,4,7.92,NC,1616804254
487,Vicuña,-30.0319,-70.7081,68.0,30,0,0.89,CL,1616804254
488,Bom Jesus da Lapa,-13.255,-43.4181,74.32,34,69,3.87,BR,1616804255
489,Plettenberg Bay,-34.0527,23.3716,65.39,83,98,7.07,ZA,1616804255
490,Coloncito,8.3256,-72.0895,71.6,100,75,3.44,VE,1616804255
491,Dalbandin,28.8947,64.4101,73.11,13,0,4.16,PK,1616804256
492,Sabla,12.7525,4.7077,81.99,10,26,19.15,NG,1616804256
493,Barentu,15.1139,37.5928,71.65,58,37,5.86,ER,1616804257
494,Santa Isabel Rio Negro,-0.4139,-65.0192,74.84,97,45,3.04,BR,1616804257
495,Nakhon Thai,17.1006,100.8374,80.6,78,83,1.9,TH,1616804257
496,Baft,29.234,56.6057,56.35,33,1,6.67,IR,1616804258
497,Gamba,-2.65,10.0,77.41,82,99,4.05,GA,1616804258
498,Le Marin,14.4721,-60.8697,77.0,78,20,12.66,MQ,1616804259
499,Tonantins,-2.8731,-67.8022,74.53,96,83,2.04,BR,1616804259
500,Riyadh,24.6877,46.7219,82.4,16,0,11.5,SA,1616804006
501,Penzance,50.1186,-5.5371,43.0,87,40,17.27,GB,1616804260
502,Hīt,33.6416,42.8251,56.62,53,71,22.46,IQ,1616804229
503,Puerto Carreño,6.189,-67.4859,76.26,86,100,10.27,CO,1616804209
504,Surgut,61.25,73.4167,26.6,93,0,6.71,RU,1616804236
505,Pascagoula,30.3658,-88.5561,77.0,88,90,4.61,US,1616804260
506,Arbazh,57.6804,48.3065,31.8,84,99,7.23,RU,1616804260
507,Lucea,18.451,-78.1736,82.4,65,40,19.57,JM,1616804007
508,Katherine,-14.4667,132.2667,87.8,66,99,6.91,AU,1616804261
509,Bambanglipuro,-7.95,110.2833,78.96,83,63,2.86,ID,1616804262
510,Mama,58.3106,112.8986,25.2,91,100,1.3,RU,1616804262
511,Merrill,45.1805,-89.6835,39.2,56,1,3.89,US,1616804263
512,Buwenge,0.6422,33.1744,65.77,81,100,1.07,UG,1616804263
513,Butembo,0.15,29.2833,57.18,98,100,3.24,CD,1616804264
514,Banikoara,11.2985,2.4386,88.38,21,97,5.5,BJ,1616804264
515,Belmonte,-15.8631,-38.8828,78.8,73,0,8.05,BR,1616804264
516,Lompoc,34.6391,-120.4579,61.0,72,20,14.97,US,1616804265
517,Zuwārah,32.9312,12.082,56.77,58,0,9.13,LY,1616804265
518,Hobyo,5.3505,48.5268,79.16,69,12,11.41,SO,1616804265
519,Lanxi,29.2195,119.477,63.52,80,77,2.93,CN,1616804266
520,Northam,51.0333,-4.2167,46.0,78,92,17.0,GB,1616804266
521,Dunedin,-45.8742,170.5036,66.99,53,71,3.0,NZ,1616804267
522,Tambura,5.6,27.4667,68.14,93,100,6.13,SS,1616804268
523,Ðurđevo,45.3247,20.0647,44.6,86,0,2.3,RS,1616804268
524,Trairi,-3.2778,-39.2689,74.93,90,100,4.61,BR,1616804269
525,Nchelenge,-9.3451,28.734,69.73,86,100,4.05,ZM,1616804269
526,Assiut,27.181,31.1837,55.4,54,0,16.11,EG,1616804270
527,Waddān,29.1614,16.139,52.56,53,2,8.59,LY,1616804270
528,Boende,-0.2167,20.8667,68.68,98,98,0.92,CD,1616804271
529,Nexø,55.0607,15.1306,42.8,100,83,5.75,DK,1616803989
530,Gagret,31.6667,76.0667,64.36,29,2,3.58,IN,1616804271
531,Grand Gaube,-20.0064,57.6608,75.0,87,17,1.63,MU,1616804272
532,Burley,42.5357,-113.7928,48.2,34,20,14.97,US,1616804015
533,Saint Anthony,45.0205,-93.218,46.99,49,1,6.91,US,1616804272
534,Sydney,-33.8679,151.2073,75.2,43,0,9.22,AU,1616804010
535,Vanimo,-2.6741,141.3028,82.49,74,98,2.66,PG,1616804273
536,Honningsvåg,70.9821,25.9704,36.05,79,70,28.25,NO,1616804273
537,Pitimbu,-7.4706,-34.8086,75.2,100,40,5.75,BR,1616804273
538,Shache,38.4167,77.2406,55.83,28,65,8.75,CN,1616804274
539,Saint Peter,13.25,-59.6167,77.0,65,40,21.85,BB,1616804274
540,Acajutla,13.5928,-89.8275,89.6,40,20,4.61,SV,1616804239
541,‘Āhuimanu,21.4447,-157.8378,82.4,78,75,10.36,US,1616804275
542,Benalla,-36.55,145.9833,62.6,77,90,4.61,AU,1616804275
543,Sisimiut,66.9395,-53.6735,-10.59,88,76,11.21,GL,1616804275
544,Khuzdar,27.7384,66.6434,68.13,15,0,5.21,PK,1616804276
545,Yarmouth,41.7057,-70.2286,54.0,93,1,14.97,US,1616804276
546,Liebling,45.5775,21.3217,37.99,93,0,8.05,RO,1616804277
547,Portland,45.5234,-122.6762,57.0,47,40,1.68,US,1616803754
548,Saint-Joseph,-21.3667,55.6167,77.0,73,14,5.75,RE,1616804277
549,Ko Samui,9.5357,99.9357,82.99,75,44,10.85,TH,1616804277
550,Port Hawkesbury,45.6169,-61.3485,41.0,100,90,10.36,CA,1616804278
551,Prince Rupert,54.3161,-130.3201,42.8,93,90,12.66,CA,1616804278
552,Diphu,25.8333,93.4333,64.31,25,0,1.03,IN,1616804279
553,Bulolo,-7.2,146.65,82.85,67,90,3.42,PG,1616804279
554,Fenoarivo,-18.933,47.4354,64.4,100,75,5.75,MG,1616804279
555,Gādarwāra,22.9167,78.7833,73.15,17,0,3.42,IN,1616804280
556,Praia da Vitória,38.7333,-27.0667,54.0,87,0,6.42,PT,1616804280
557,Sosnovo-Ozerskoye,52.5249,111.5418,21.51,91,100,8.61,RU,1616804280
558,Kukushtan,57.6464,56.4952,32.0,80,0,2.24,RU,1616804281
559,Palmer,42.1584,-72.3287,66.2,45,75,26.46,US,1616804281
560,Tsiroanomandidy,-18.7667,46.0333,65.8,95,48,0.89,MG,1616804281
